Code Domaine,Domaine,Code zone (FAO),Zone,Code Élément,Élément,Code Produit,Produit,Code année,Année,Unité,Valeur,Symbole,Description du Symbole
"FBS","Bilans Alimentaires (2010-)","2","Afghanistan","511","Population totale","2501","Population","2018","2018","1000 personnes","37172","*","Chiffre non officiel"
"FBS","Bilans Alimentaires (2010-)","2","Afghanistan","511","Population totale","2501","Population","2019","2019","1000 personnes","38042","*","Chiffre non officiel"
"FBS","Bilans Alimentaires (2010-)","202","Afrique du Sud","511","Population totale","2501","Population","2018","2018","1000 personnes","57793","*","Chiffre non officiel"
"FBS","Bilans Alimentaires (2010-)","202","Afrique du Sud","511","Population totale","2501","Population","2019","2019","1000 personnes","58558","*","Chiffre non officiel"
"FBS","Bilans Alimentaires (2010-)","3","Albanie","511","Population totale","2501","Population","2018","2018","1000 personnes","2883","*","Chiffre non officiel"
"FBS","Bilans Alimentaires (2010-)","3","Albanie","511","Population totale","2501","Population","2019","2019","1000 personnes","2881","*","Chiffre non officiel"
"FBS","Bilans Alimentaires (2010-)","4","Algérie","511","Population totale","2501","Population","2018","2018","1000 personnes","42228","*","Chiffre non officiel"
"FBS","Bilans Alimentaires (2010-)","4","Algérie","511","Population totale","2501","Population","2019","2019","1000 personnes","43053","*","Chiffre non officiel"
"FBS","Bilans Alimentaires (2010-)","79","Allemagne","511","Population totale","2501","Population","2018","2018","1000 personnes","83124","*","Chiffre non officiel"
"FBS","Bilans Alimentaires (2010-)","79","Allemagne","511","Population totale","2501","Population","2019","2019","1000 personnes","83517","*","Chiffre non officiel"
"FBS","Bilans Alimentaires (2010-)","7","Angola","511","Population totale","2501","Population","2018","2018","1000 personnes","30810","*","Chiffre non officiel"
"FBS","Bilans Alimentaires (2010-)","7","Angola","511","Population totale","2501","Population","2019","2019","1000 personnes","31825","*","Chiffre non officiel"
"FBS","Bilans Alimentaires (2010-)","8","Antigua-et-Barbuda","511","Population totale","2501","Population","2018","2018","1000 personnes","96","*","Chiffre non officiel"
"FBS","Bilans Alimentaires (2010-)","8","Antigua-et-Barbuda","511","Population totale","2501","Population","2019","2019","1000 personnes","97","*","Chiffre non officiel"
"FBS","Bilans Alimentaires (2010-)","151","Antilles néerlandaises (ex)","511","Population totale","2501","Population","2018","2018","","","",""
"FBS","Bilans Alimentaires (2010-)","151","Antilles néerlandaises (ex)","511","Population totale","2501","Population","2019","2019","","","",""
"FBS","Bilans Alimentaires (2010-)","194","Arabie saoudite","511","Population totale","2501","Population","2018","2018","1000 personnes","33703","*","Chiffre non officiel"
"FBS","Bilans Alimentaires (2010-)","194","Arabie saoudite","511","Population totale","2501","Population","2019","2019","1000 personnes","34269","*","Chiffre non officiel"
"FBS","Bilans Alimentaires (2010-)","9","Argentine","511","Population totale","2501","Population","2018","2018","1000 personnes","44361","*","Chiffre non officiel"
"FBS","Bilans Alimentaires (2010-)","9","Argentine","511","Population totale","2501","Population","2019","2019","1000 personnes","44781","*","Chiffre non officiel"
"FBS","Bilans Alimentaires (2010-)","1","Arménie","511","Population totale","2501","Population","2018","2018","1000 personnes","2952","*","Chiffre non officiel"
"FBS","Bilans Alimentaires (2010-)","1","Arménie","511","Population totale","2501","Population","2019","2019","1000 personnes","2958","*","Chiffre non officiel"
"FBS","Bilans Alimentaires (2010-)","10","Australie","511","Population totale","2501","Population","2018","2018","1000 personnes","24898","*","Chiffre non officiel"
"FBS","Bilans Alimentaires (2010-)","10","Australie","511","Population totale","2501","Population","2019","2019","1000 personnes","25203","*","Chiffre non officiel"
"FBS","Bilans Alimentaires (2010-)","11","Autriche","511","Population totale","2501","Population","2018","2018","1000 personnes","8891","*","Chiffre non officiel"
"FBS","Bilans Alimentaires (2010-)","11","Autriche","511","Population totale","2501","Population","2019","2019","1000 personnes","8955","*","Chiffre non officiel"
"FBS","Bilans Alimentaires (2010-)","52","Azerbaïdjan","511","Population totale","2501","Population","2018","2018","1000 personnes","9950","*","Chiffre non officiel"
"FBS","Bilans Alimentaires (2010-)","52","Azerbaïdjan","511","Population totale","2501","Population","2019","2019","1000 personnes","10048","*","Chiffre non officiel"
"FBS","Bilans Alimentaires (2010-)","12","Bahamas","511","Population totale","2501","Population","2018","2018","1000 personnes","386","*","Chiffre non officiel"
"FBS","Bilans Alimentaires (2010-)","12","Bahamas","511","Population totale","2501","Population","2019","2019","1000 personnes","389","*","Chiffre non officiel"
"FBS","Bilans Alimentaires (2010-)","16","Bangladesh","511","Population totale","2501","Population","2018","2018","1000 personnes","161377","*","Chiffre non officiel"
"FBS","Bilans Alimentaires (2010-)","16","Bangladesh","511","Population totale","2501","Population","2019","2019","1000 personnes","163046","*","Chiffre non officiel"
"FBS","Bilans Alimentaires (2010-)","14","Barbade","511","Population totale","2501","Population","2018","2018","1000 personnes","287","*","Chiffre non officiel"
"FBS","Bilans Alimentaires (2010-)","14","Barbade","511","Population totale","2501","Population","2019","2019","1000 personnes","287","*","Chiffre non officiel"
"FBS","Bilans Alimentaires (2010-)","57","Bélarus","511","Population totale","2501","Population","2018","2018","1000 personnes","9453","*","Chiffre non officiel"
"FBS","Bilans Alimentaires (2010-)","57","Bélarus","511","Population totale","2501","Population","2019","2019","1000 personnes","9452","*","Chiffre non officiel"
"FBS","Bilans Alimentaires (2010-)","255","Belgique","511","Population totale","2501","Population","2018","2018","1000 personnes","11482","*","Chiffre non officiel"
"FBS","Bilans Alimentaires (2010-)","255","Belgique","511","Population totale","2501","Population","2019","2019","1000 personnes","11539","*","Chiffre non officiel"
"FBS","Bilans Alimentaires (2010-)","15","Belgique-Luxembourg","511","Population totale","2501","Population","2018","2018","","","",""
"FBS","Bilans Alimentaires (2010-)","15","Belgique-Luxembourg","511","Population totale","2501","Population","2019","2019","","","",""
"FBS","Bilans Alimentaires (2010-)","23","Belize","511","Population totale","2501","Population","2018","2018","1000 personnes","383","*","Chiffre non officiel"
"FBS","Bilans Alimentaires (2010-)","23","Belize","511","Population totale","2501","Population","2019","2019","1000 personnes","390","*","Chiffre non officiel"
"FBS","Bilans Alimentaires (2010-)","53","Bénin","511","Population totale","2501","Population","2018","2018","1000 personnes","11485","*","Chiffre non officiel"
"FBS","Bilans Alimentaires (2010-)","53","Bénin","511","Population totale","2501","Population","2019","2019","1000 personnes","11801","*","Chiffre non officiel"
"FBS","Bilans Alimentaires (2010-)","19","Bolivie (État plurinational de)","511","Population totale","2501","Population","2018","2018","1000 personnes","11353","*","Chiffre non officiel"
"FBS","Bilans Alimentaires (2010-)","19","Bolivie (État plurinational de)","511","Population totale","2501","Population","2019","2019","1000 personnes","11513","*","Chiffre non officiel"
"FBS","Bilans Alimentaires (2010-)","80","Bosnie-Herzégovine","511","Population totale","2501","Population","2018","2018","1000 personnes","3324","*","Chiffre non officiel"
"FBS","Bilans Alimentaires (2010-)","80","Bosnie-Herzégovine","511","Population totale","2501","Population","2019","2019","1000 personnes","3301","*","Chiffre non officiel"
"FBS","Bilans Alimentaires (2010-)","20","Botswana","511","Population totale","2501","Population","2018","2018","1000 personnes","2254","*","Chiffre non officiel"
"FBS","Bilans Alimentaires (2010-)","20","Botswana","511","Population totale","2501","Population","2019","2019","1000 personnes","2304","*","Chiffre non officiel"
"FBS","Bilans Alimentaires (2010-)","21","Brésil","511","Population totale","2501","Population","2018","2018","1000 personnes","209469","*","Chiffre non officiel"
"FBS","Bilans Alimentaires (2010-)","21","Brésil","511","Population totale","2501","Population","2019","2019","1000 personnes","211050","*","Chiffre non officiel"
"FBS","Bilans Alimentaires (2010-)","27","Bulgarie","511","Population totale","2501","Population","2018","2018","1000 personnes","7052","*","Chiffre non officiel"
"FBS","Bilans Alimentaires (2010-)","27","Bulgarie","511","Population totale","2501","Population","2019","2019","1000 personnes","7000","*","Chiffre non officiel"
"FBS","Bilans Alimentaires (2010-)","233","Burkina Faso","511","Population totale","2501","Population","2018","2018","1000 personnes","19751","*","Chiffre non officiel"
"FBS","Bilans Alimentaires (2010-)","233","Burkina Faso","511","Population totale","2501","Population","2019","2019","1000 personnes","20321","*","Chiffre non officiel"
"FBS","Bilans Alimentaires (2010-)","29","Burundi","511","Population totale","2501","Population","2018","2018","1000 personnes","11175.37","*","Chiffre non officiel"
"FBS","Bilans Alimentaires (2010-)","29","Burundi","511","Population totale","2501","Population","2019","2019","1000 personnes","11530.58","*","Chiffre non officiel"
"FBS","Bilans Alimentaires (2010-)","35","Cabo Verde","511","Population totale","2501","Population","2018","2018","1000 personnes","544","*","Chiffre non officiel"
"FBS","Bilans Alimentaires (2010-)","35","Cabo Verde","511","Population totale","2501","Population","2019","2019","1000 personnes","550","*","Chiffre non officiel"
"FBS","Bilans Alimentaires (2010-)","115","Cambodge","511","Population totale","2501","Population","2018","2018","1000 personnes","16250","*","Chiffre non officiel"
"FBS","Bilans Alimentaires (2010-)","115","Cambodge","511","Population totale","2501","Population","2019","2019","1000 personnes","16487","*","Chiffre non officiel"
"FBS","Bilans Alimentaires (2010-)","32","Cameroun","511","Population totale","2501","Population","2018","2018","1000 personnes","25216","*","Chiffre non officiel"
"FBS","Bilans Alimentaires (2010-)","32","Cameroun","511","Population totale","2501","Population","2019","2019","1000 personnes","25876","*","Chiffre non officiel"
"FBS","Bilans Alimentaires (2010-)","33","Canada","511","Population totale","2501","Population","2018","2018","1000 personnes","37075","*","Chiffre non officiel"
"FBS","Bilans Alimentaires (2010-)","33","Canada","511","Population totale","2501","Population","2019","2019","1000 personnes","37411","*","Chiffre non officiel"
"FBS","Bilans Alimentaires (2010-)","40","Chili","511","Population totale","2501","Population","2018","2018","1000 personnes","18729","*","Chiffre non officiel"
"FBS","Bilans Alimentaires (2010-)","40","Chili","511","Population totale","2501","Population","2019","2019","1000 personnes","18952","*","Chiffre non officiel"
"FBS","Bilans Alimentaires (2010-)","351","Chine","511","Population totale","2501","Population","2018","2018","1000 personnes","1459378","A","Agrégat, peut inclure des données officielles, semi-officielles, estimées ou calculées"
"FBS","Bilans Alimentaires (2010-)","351","Chine","511","Population totale","2501","Population","2019","2019","1000 personnes","1465634","A","Agrégat, peut inclure des données officielles, semi-officielles, estimées ou calculées"
"FBS","Bilans Alimentaires (2010-)","96","Chine - RAS de Hong-Kong","511","Population totale","2501","Population","2018","2018","1000 personnes","7372","*","Chiffre non officiel"
"FBS","Bilans Alimentaires (2010-)","96","Chine - RAS de Hong-Kong","511","Population totale","2501","Population","2019","2019","1000 personnes","7436","*","Chiffre non officiel"
"FBS","Bilans Alimentaires (2010-)","128","Chine - RAS de Macao","511","Population totale","2501","Population","2018","2018","1000 personnes","632","*","Chiffre non officiel"
"FBS","Bilans Alimentaires (2010-)","128","Chine - RAS de Macao","511","Population totale","2501","Population","2019","2019","1000 personnes","640","*","Chiffre non officiel"
"FBS","Bilans Alimentaires (2010-)","41","Chine, continentale","511","Population totale","2501","Population","2018","2018","1000 personnes","1427648","*","Chiffre non officiel"
"FBS","Bilans Alimentaires (2010-)","41","Chine, continentale","511","Population totale","2501","Population","2019","2019","1000 personnes","1433784","*","Chiffre non officiel"
"FBS","Bilans Alimentaires (2010-)","214","Chine, Taiwan Province de","511","Population totale","2501","Population","2018","2018","1000 personnes","23726","*","Chiffre non officiel"
"FBS","Bilans Alimentaires (2010-)","214","Chine, Taiwan Province de","511","Population totale","2501","Population","2019","2019","1000 personnes","23774","*","Chiffre non officiel"
"FBS","Bilans Alimentaires (2010-)","50","Chypre","511","Population totale","2501","Population","2018","2018","1000 personnes","1189","*","Chiffre non officiel"
"FBS","Bilans Alimentaires (2010-)","50","Chypre","511","Population totale","2501","Population","2019","2019","1000 personnes","1199","*","Chiffre non officiel"
"FBS","Bilans Alimentaires (2010-)","44","Colombie","511","Population totale","2501","Population","2018","2018","1000 personnes","49661","*","Chiffre non officiel"
"FBS","Bilans Alimentaires (2010-)","44","Colombie","511","Population totale","2501","Population","2019","2019","1000 personnes","50339","*","Chiffre non officiel"
"FBS","Bilans Alimentaires (2010-)","45","Comores","511","Population totale","2501","Population","2018","2018","1000 personnes","832","*","Chiffre non officiel"
"FBS","Bilans Alimentaires (2010-)","45","Comores","511","Population totale","2501","Population","2019","2019","1000 personnes","851","*","Chiffre non officiel"
"FBS","Bilans Alimentaires (2010-)","46","Congo","511","Population totale","2501","Population","2018","2018","1000 personnes","5244","*","Chiffre non officiel"
"FBS","Bilans Alimentaires (2010-)","46","Congo","511","Population totale","2501","Population","2019","2019","1000 personnes","5381","*","Chiffre non officiel"
"FBS","Bilans Alimentaires (2010-)","48","Costa Rica","511","Population totale","2501","Population","2018","2018","1000 personnes","4999","*","Chiffre non officiel"
"FBS","Bilans Alimentaires (2010-)","48","Costa Rica","511","Population totale","2501","Population","2019","2019","1000 personnes","5048","*","Chiffre non officiel"
"FBS","Bilans Alimentaires (2010-)","107","Côte d'Ivoire","511","Population totale","2501","Population","2018","2018","1000 personnes","25069","*","Chiffre non officiel"
"FBS","Bilans Alimentaires (2010-)","107","Côte d'Ivoire","511","Population totale","2501","Population","2019","2019","1000 personnes","25717","*","Chiffre non officiel"
"FBS","Bilans Alimentaires (2010-)","98","Croatie","511","Population totale","2501","Population","2018","2018","1000 personnes","4156","*","Chiffre non officiel"
"FBS","Bilans Alimentaires (2010-)","98","Croatie","511","Population totale","2501","Population","2019","2019","1000 personnes","4130","*","Chiffre non officiel"
"FBS","Bilans Alimentaires (2010-)","49","Cuba","511","Population totale","2501","Population","2018","2018","1000 personnes","11338","*","Chiffre non officiel"
"FBS","Bilans Alimentaires (2010-)","49","Cuba","511","Population totale","2501","Population","2019","2019","1000 personnes","11333","*","Chiffre non officiel"
"FBS","Bilans Alimentaires (2010-)","54","Danemark","511","Population totale","2501","Population","2018","2018","1000 personnes","5752","*","Chiffre non officiel"
"FBS","Bilans Alimentaires (2010-)","54","Danemark","511","Population totale","2501","Population","2019","2019","1000 personnes","5772","*","Chiffre non officiel"
"FBS","Bilans Alimentaires (2010-)","72","Djibouti","511","Population totale","2501","Population","2018","2018","1000 personnes","959","*","Chiffre non officiel"
"FBS","Bilans Alimentaires (2010-)","72","Djibouti","511","Population totale","2501","Population","2019","2019","1000 personnes","974","*","Chiffre non officiel"
"FBS","Bilans Alimentaires (2010-)","55","Dominique","511","Population totale","2501","Population","2018","2018","1000 personnes","72","*","Chiffre non officiel"
"FBS","Bilans Alimentaires (2010-)","55","Dominique","511","Population totale","2501","Population","2019","2019","1000 personnes","72","*","Chiffre non officiel"
"FBS","Bilans Alimentaires (2010-)","59","Égypte","511","Population totale","2501","Population","2018","2018","1000 personnes","98424","*","Chiffre non officiel"
"FBS","Bilans Alimentaires (2010-)","59","Égypte","511","Population totale","2501","Population","2019","2019","1000 personnes","100388","*","Chiffre non officiel"
"FBS","Bilans Alimentaires (2010-)","60","El Salvador","511","Population totale","2501","Population","2018","2018","1000 personnes","6421","*","Chiffre non officiel"
"FBS","Bilans Alimentaires (2010-)","60","El Salvador","511","Population totale","2501","Population","2019","2019","1000 personnes","6454","*","Chiffre non officiel"
"FBS","Bilans Alimentaires (2010-)","225","Émirats arabes unis","511","Population totale","2501","Population","2018","2018","1000 personnes","9630.96","*","Chiffre non officiel"
"FBS","Bilans Alimentaires (2010-)","225","Émirats arabes unis","511","Population totale","2501","Population","2019","2019","1000 personnes","9770.53","*","Chiffre non officiel"
"FBS","Bilans Alimentaires (2010-)","58","Équateur","511","Population totale","2501","Population","2018","2018","1000 personnes","17084","*","Chiffre non officiel"
"FBS","Bilans Alimentaires (2010-)","58","Équateur","511","Population totale","2501","Population","2019","2019","1000 personnes","17374","*","Chiffre non officiel"
"FBS","Bilans Alimentaires (2010-)","203","Espagne","511","Population totale","2501","Population","2018","2018","1000 personnes","46693","*","Chiffre non officiel"
"FBS","Bilans Alimentaires (2010-)","203","Espagne","511","Population totale","2501","Population","2019","2019","1000 personnes","46737","*","Chiffre non officiel"
"FBS","Bilans Alimentaires (2010-)","63","Estonie","511","Population totale","2501","Population","2018","2018","1000 personnes","1323","*","Chiffre non officiel"
"FBS","Bilans Alimentaires (2010-)","63","Estonie","511","Population totale","2501","Population","2019","2019","1000 personnes","1326","*","Chiffre non officiel"
"FBS","Bilans Alimentaires (2010-)","209","Eswatini","511","Population totale","2501","Population","2018","2018","1000 personnes","1136","*","Chiffre non officiel"
"FBS","Bilans Alimentaires (2010-)","209","Eswatini","511","Population totale","2501","Population","2019","2019","1000 personnes","1148","*","Chiffre non officiel"
"FBS","Bilans Alimentaires (2010-)","231","États-Unis d'Amérique","511","Population totale","2501","Population","2018","2018","1000 personnes","327096","*","Chiffre non officiel"
"FBS","Bilans Alimentaires (2010-)","231","États-Unis d'Amérique","511","Population totale","2501","Population","2019","2019","1000 personnes","329065","*","Chiffre non officiel"
"FBS","Bilans Alimentaires (2010-)","238","Éthiopie","511","Population totale","2501","Population","2018","2018","1000 personnes","109224","*","Chiffre non officiel"
"FBS","Bilans Alimentaires (2010-)","238","Éthiopie","511","Population totale","2501","Population","2019","2019","1000 personnes","112079","*","Chiffre non officiel"
"FBS","Bilans Alimentaires (2010-)","62","Éthiopie RDP","511","Population totale","2501","Population","2018","2018","","","",""
"FBS","Bilans Alimentaires (2010-)","62","Éthiopie RDP","511","Population totale","2501","Population","2019","2019","","","",""
"FBS","Bilans Alimentaires (2010-)","185","Fédération de Russie","511","Population totale","2501","Population","2018","2018","1000 personnes","145734","*","Chiffre non officiel"
"FBS","Bilans Alimentaires (2010-)","185","Fédération de Russie","511","Population totale","2501","Population","2019","2019","1000 personnes","145872","*","Chiffre non officiel"
"FBS","Bilans Alimentaires (2010-)","66","Fidji","511","Population totale","2501","Population","2018","2018","1000 personnes","883","*","Chiffre non officiel"
"FBS","Bilans Alimentaires (2010-)","66","Fidji","511","Population totale","2501","Population","2019","2019","1000 personnes","890","*","Chiffre non officiel"
"FBS","Bilans Alimentaires (2010-)","67","Finlande","511","Population totale","2501","Population","2018","2018","1000 personnes","5523","*","Chiffre non officiel"
"FBS","Bilans Alimentaires (2010-)","67","Finlande","511","Population totale","2501","Population","2019","2019","1000 personnes","5532","*","Chiffre non officiel"
"FBS","Bilans Alimentaires (2010-)","68","France","511","Population totale","2501","Population","2018","2018","1000 personnes","66931","*","Chiffre non officiel"
"FBS","Bilans Alimentaires (2010-)","68","France","511","Population totale","2501","Population","2019","2019","1000 personnes","65130","*","Chiffre non officiel"
"FBS","Bilans Alimentaires (2010-)","74","Gabon","511","Population totale","2501","Population","2018","2018","1000 personnes","2119","*","Chiffre non officiel"
"FBS","Bilans Alimentaires (2010-)","74","Gabon","511","Population totale","2501","Population","2019","2019","1000 personnes","2173","*","Chiffre non officiel"
"FBS","Bilans Alimentaires (2010-)","75","Gambie","511","Population totale","2501","Population","2018","2018","1000 personnes","2280","*","Chiffre non officiel"
"FBS","Bilans Alimentaires (2010-)","75","Gambie","511","Population totale","2501","Population","2019","2019","1000 personnes","2348","*","Chiffre non officiel"
"FBS","Bilans Alimentaires (2010-)","73","Géorgie","511","Population totale","2501","Population","2018","2018","1000 personnes","4003","*","Chiffre non officiel"
"FBS","Bilans Alimentaires (2010-)","73","Géorgie","511","Population totale","2501","Population","2019","2019","1000 personnes","3997","*","Chiffre non officiel"
"FBS","Bilans Alimentaires (2010-)","81","Ghana","511","Population totale","2501","Population","2018","2018","1000 personnes","29767","*","Chiffre non officiel"
"FBS","Bilans Alimentaires (2010-)","81","Ghana","511","Population totale","2501","Population","2019","2019","1000 personnes","30418","*","Chiffre non officiel"
"FBS","Bilans Alimentaires (2010-)","84","Grèce","511","Population totale","2501","Population","2018","2018","1000 personnes","10522","*","Chiffre non officiel"
"FBS","Bilans Alimentaires (2010-)","84","Grèce","511","Population totale","2501","Population","2019","2019","1000 personnes","10473","*","Chiffre non officiel"
"FBS","Bilans Alimentaires (2010-)","86","Grenade","511","Population totale","2501","Population","2018","2018","1000 personnes","111","*","Chiffre non officiel"
"FBS","Bilans Alimentaires (2010-)","86","Grenade","511","Population totale","2501","Population","2019","2019","1000 personnes","112","*","Chiffre non officiel"
"FBS","Bilans Alimentaires (2010-)","89","Guatemala","511","Population totale","2501","Population","2018","2018","1000 personnes","17248","*","Chiffre non officiel"
"FBS","Bilans Alimentaires (2010-)","89","Guatemala","511","Population totale","2501","Population","2019","2019","1000 personnes","17581","*","Chiffre non officiel"
"FBS","Bilans Alimentaires (2010-)","90","Guinée","511","Population totale","2501","Population","2018","2018","1000 personnes","12414","*","Chiffre non officiel"
"FBS","Bilans Alimentaires (2010-)","90","Guinée","511","Population totale","2501","Population","2019","2019","1000 personnes","12771","*","Chiffre non officiel"
"FBS","Bilans Alimentaires (2010-)","175","Guinée-Bissau","511","Population totale","2501","Population","2018","2018","1000 personnes","1874","*","Chiffre non officiel"
"FBS","Bilans Alimentaires (2010-)","175","Guinée-Bissau","511","Population totale","2501","Population","2019","2019","1000 personnes","1921","*","Chiffre non officiel"
"FBS","Bilans Alimentaires (2010-)","91","Guyana","511","Population totale","2501","Population","2018","2018","1000 personnes","779","*","Chiffre non officiel"
"FBS","Bilans Alimentaires (2010-)","91","Guyana","511","Population totale","2501","Population","2019","2019","1000 personnes","783","*","Chiffre non officiel"
"FBS","Bilans Alimentaires (2010-)","93","Haïti","511","Population totale","2501","Population","2018","2018","1000 personnes","11123","*","Chiffre non officiel"
"FBS","Bilans Alimentaires (2010-)","93","Haïti","511","Population totale","2501","Population","2019","2019","1000 personnes","11263","*","Chiffre non officiel"
"FBS","Bilans Alimentaires (2010-)","95","Honduras","511","Population totale","2501","Population","2018","2018","1000 personnes","9588","*","Chiffre non officiel"
"FBS","Bilans Alimentaires (2010-)","95","Honduras","511","Population totale","2501","Population","2019","2019","1000 personnes","9746","*","Chiffre non officiel"
"FBS","Bilans Alimentaires (2010-)","97","Hongrie","511","Population totale","2501","Population","2018","2018","1000 personnes","9707","*","Chiffre non officiel"
"FBS","Bilans Alimentaires (2010-)","97","Hongrie","511","Population totale","2501","Population","2019","2019","1000 personnes","9685","*","Chiffre non officiel"
"FBS","Bilans Alimentaires (2010-)","25","Îles Salomon","511","Population totale","2501","Population","2018","2018","1000 personnes","653","*","Chiffre non officiel"
"FBS","Bilans Alimentaires (2010-)","25","Îles Salomon","511","Population totale","2501","Population","2019","2019","1000 personnes","670","*","Chiffre non officiel"
"FBS","Bilans Alimentaires (2010-)","100","Inde","511","Population totale","2501","Population","2018","2018","1000 personnes","1352642","*","Chiffre non officiel"
"FBS","Bilans Alimentaires (2010-)","100","Inde","511","Population totale","2501","Population","2019","2019","1000 personnes","1366418","*","Chiffre non officiel"
"FBS","Bilans Alimentaires (2010-)","101","Indonésie","511","Population totale","2501","Population","2018","2018","1000 personnes","267671","*","Chiffre non officiel"
"FBS","Bilans Alimentaires (2010-)","101","Indonésie","511","Population totale","2501","Population","2019","2019","1000 personnes","270626","*","Chiffre non officiel"
"FBS","Bilans Alimentaires (2010-)","102","Iran (République islamique d')","511","Population totale","2501","Population","2018","2018","1000 personnes","81800","*","Chiffre non officiel"
"FBS","Bilans Alimentaires (2010-)","102","Iran (République islamique d')","511","Population totale","2501","Population","2019","2019","1000 personnes","82914","*","Chiffre non officiel"
"FBS","Bilans Alimentaires (2010-)","103","Iraq","511","Population totale","2501","Population","2018","2018","1000 personnes","32965","*","Chiffre non officiel"
"FBS","Bilans Alimentaires (2010-)","103","Iraq","511","Population totale","2501","Population","2019","2019","1000 personnes","33717","*","Chiffre non officiel"
"FBS","Bilans Alimentaires (2010-)","104","Irlande","511","Population totale","2501","Population","2018","2018","1000 personnes","4819","*","Chiffre non officiel"
"FBS","Bilans Alimentaires (2010-)","104","Irlande","511","Population totale","2501","Population","2019","2019","1000 personnes","4882","*","Chiffre non officiel"
"FBS","Bilans Alimentaires (2010-)","99","Islande","511","Population totale","2501","Population","2018","2018","1000 personnes","337","*","Chiffre non officiel"
"FBS","Bilans Alimentaires (2010-)","99","Islande","511","Population totale","2501","Population","2019","2019","1000 personnes","339","*","Chiffre non officiel"
"FBS","Bilans Alimentaires (2010-)","105","Israël","511","Population totale","2501","Population","2018","2018","1000 personnes","8382","*","Chiffre non officiel"
"FBS","Bilans Alimentaires (2010-)","105","Israël","511","Population totale","2501","Population","2019","2019","1000 personnes","8519","*","Chiffre non officiel"
"FBS","Bilans Alimentaires (2010-)","106","Italie","511","Population totale","2501","Population","2018","2018","1000 personnes","60627","*","Chiffre non officiel"
"FBS","Bilans Alimentaires (2010-)","106","Italie","511","Population totale","2501","Population","2019","2019","1000 personnes","60550","*","Chiffre non officiel"
"FBS","Bilans Alimentaires (2010-)","109","Jamaïque","511","Population totale","2501","Population","2018","2018","1000 personnes","2935","*","Chiffre non officiel"
"FBS","Bilans Alimentaires (2010-)","109","Jamaïque","511","Population totale","2501","Population","2019","2019","1000 personnes","2948","*","Chiffre non officiel"
"FBS","Bilans Alimentaires (2010-)","110","Japon","511","Population totale","2501","Population","2018","2018","1000 personnes","127202","*","Chiffre non officiel"
"FBS","Bilans Alimentaires (2010-)","110","Japon","511","Population totale","2501","Population","2019","2019","1000 personnes","126860","*","Chiffre non officiel"
"FBS","Bilans Alimentaires (2010-)","112","Jordanie","511","Population totale","2501","Population","2018","2018","1000 personnes","9965","*","Chiffre non officiel"
"FBS","Bilans Alimentaires (2010-)","112","Jordanie","511","Population totale","2501","Population","2019","2019","1000 personnes","10102","*","Chiffre non officiel"
"FBS","Bilans Alimentaires (2010-)","108","Kazakhstan","511","Population totale","2501","Population","2018","2018","1000 personnes","18320","*","Chiffre non officiel"
"FBS","Bilans Alimentaires (2010-)","108","Kazakhstan","511","Population totale","2501","Population","2019","2019","1000 personnes","18551","*","Chiffre non officiel"
"FBS","Bilans Alimentaires (2010-)","114","Kenya","511","Population totale","2501","Population","2018","2018","1000 personnes","51393","*","Chiffre non officiel"
"FBS","Bilans Alimentaires (2010-)","114","Kenya","511","Population totale","2501","Population","2019","2019","1000 personnes","52574","*","Chiffre non officiel"
"FBS","Bilans Alimentaires (2010-)","113","Kirghizistan","511","Population totale","2501","Population","2018","2018","1000 personnes","6304","*","Chiffre non officiel"
"FBS","Bilans Alimentaires (2010-)","113","Kirghizistan","511","Population totale","2501","Population","2019","2019","1000 personnes","6416","*","Chiffre non officiel"
"FBS","Bilans Alimentaires (2010-)","83","Kiribati","511","Population totale","2501","Population","2018","2018","1000 personnes","116","*","Chiffre non officiel"
"FBS","Bilans Alimentaires (2010-)","83","Kiribati","511","Population totale","2501","Population","2019","2019","1000 personnes","118","*","Chiffre non officiel"
"FBS","Bilans Alimentaires (2010-)","118","Koweït","511","Population totale","2501","Population","2018","2018","1000 personnes","4137","*","Chiffre non officiel"
"FBS","Bilans Alimentaires (2010-)","118","Koweït","511","Population totale","2501","Population","2019","2019","1000 personnes","4207","*","Chiffre non officiel"
"FBS","Bilans Alimentaires (2010-)","122","Lesotho","511","Population totale","2501","Population","2018","2018","1000 personnes","2108","*","Chiffre non officiel"
"FBS","Bilans Alimentaires (2010-)","122","Lesotho","511","Population totale","2501","Population","2019","2019","1000 personnes","2125","*","Chiffre non officiel"
"FBS","Bilans Alimentaires (2010-)","119","Lettonie","511","Population totale","2501","Population","2018","2018","1000 personnes","1928","*","Chiffre non officiel"
"FBS","Bilans Alimentaires (2010-)","119","Lettonie","511","Population totale","2501","Population","2019","2019","1000 personnes","1907","*","Chiffre non officiel"
"FBS","Bilans Alimentaires (2010-)","121","Liban","511","Population totale","2501","Population","2018","2018","1000 personnes","6859","*","Chiffre non officiel"
"FBS","Bilans Alimentaires (2010-)","121","Liban","511","Population totale","2501","Population","2019","2019","1000 personnes","6856","*","Chiffre non officiel"
"FBS","Bilans Alimentaires (2010-)","123","Libéria","511","Population totale","2501","Population","2018","2018","1000 personnes","4819","*","Chiffre non officiel"
"FBS","Bilans Alimentaires (2010-)","123","Libéria","511","Population totale","2501","Population","2019","2019","1000 personnes","4937","*","Chiffre non officiel"
"FBS","Bilans Alimentaires (2010-)","124","Libye","511","Population totale","2501","Population","2018","2018","1000 personnes","6679","*","Chiffre non officiel"
"FBS","Bilans Alimentaires (2010-)","124","Libye","511","Population totale","2501","Population","2019","2019","1000 personnes","6777","*","Chiffre non officiel"
"FBS","Bilans Alimentaires (2010-)","126","Lituanie","511","Population totale","2501","Population","2018","2018","1000 personnes","2801","*","Chiffre non officiel"
"FBS","Bilans Alimentaires (2010-)","126","Lituanie","511","Population totale","2501","Population","2019","2019","1000 personnes","2760","*","Chiffre non officiel"
"FBS","Bilans Alimentaires (2010-)","256","Luxembourg","511","Population totale","2501","Population","2018","2018","1000 personnes","604","*","Chiffre non officiel"
"FBS","Bilans Alimentaires (2010-)","256","Luxembourg","511","Population totale","2501","Population","2019","2019","1000 personnes","616","*","Chiffre non officiel"
"FBS","Bilans Alimentaires (2010-)","154","Macédoine du Nord","511","Population totale","2501","Population","2018","2018","1000 personnes","2083","*","Chiffre non officiel"
"FBS","Bilans Alimentaires (2010-)","154","Macédoine du Nord","511","Population totale","2501","Population","2019","2019","1000 personnes","2083","*","Chiffre non officiel"
"FBS","Bilans Alimentaires (2010-)","129","Madagascar","511","Population totale","2501","Population","2018","2018","1000 personnes","26262","*","Chiffre non officiel"
"FBS","Bilans Alimentaires (2010-)","129","Madagascar","511","Population totale","2501","Population","2019","2019","1000 personnes","26969","*","Chiffre non officiel"
"FBS","Bilans Alimentaires (2010-)","131","Malaisie","511","Population totale","2501","Population","2018","2018","1000 personnes","31528","*","Chiffre non officiel"
"FBS","Bilans Alimentaires (2010-)","131","Malaisie","511","Population totale","2501","Population","2019","2019","1000 personnes","31950","*","Chiffre non officiel"
"FBS","Bilans Alimentaires (2010-)","130","Malawi","511","Population totale","2501","Population","2018","2018","1000 personnes","18143","*","Chiffre non officiel"
"FBS","Bilans Alimentaires (2010-)","130","Malawi","511","Population totale","2501","Population","2019","2019","1000 personnes","18629","*","Chiffre non officiel"
"FBS","Bilans Alimentaires (2010-)","132","Maldives","511","Population totale","2501","Population","2018","2018","1000 personnes","516","*","Chiffre non officiel"
"FBS","Bilans Alimentaires (2010-)","132","Maldives","511","Population totale","2501","Population","2019","2019","1000 personnes","531","*","Chiffre non officiel"
"FBS","Bilans Alimentaires (2010-)","133","Mali","511","Population totale","2501","Population","2018","2018","1000 personnes","19078","*","Chiffre non officiel"
"FBS","Bilans Alimentaires (2010-)","133","Mali","511","Population totale","2501","Population","2019","2019","1000 personnes","19658","*","Chiffre non officiel"
"FBS","Bilans Alimentaires (2010-)","134","Malte","511","Population totale","2501","Population","2018","2018","1000 personnes","439","*","Chiffre non officiel"
"FBS","Bilans Alimentaires (2010-)","134","Malte","511","Population totale","2501","Population","2019","2019","1000 personnes","440","*","Chiffre non officiel"
"FBS","Bilans Alimentaires (2010-)","143","Maroc","511","Population totale","2501","Population","2018","2018","1000 personnes","36029","*","Chiffre non officiel"
"FBS","Bilans Alimentaires (2010-)","143","Maroc","511","Population totale","2501","Population","2019","2019","1000 personnes","36472","*","Chiffre non officiel"
"FBS","Bilans Alimentaires (2010-)","137","Maurice","511","Population totale","2501","Population","2018","2018","1000 personnes","1267","*","Chiffre non officiel"
"FBS","Bilans Alimentaires (2010-)","137","Maurice","511","Population totale","2501","Population","2019","2019","1000 personnes","1270","*","Chiffre non officiel"
"FBS","Bilans Alimentaires (2010-)","136","Mauritanie","511","Population totale","2501","Population","2018","2018","1000 personnes","4403","*","Chiffre non officiel"
"FBS","Bilans Alimentaires (2010-)","136","Mauritanie","511","Population totale","2501","Population","2019","2019","1000 personnes","4526","*","Chiffre non officiel"
"FBS","Bilans Alimentaires (2010-)","138","Mexique","511","Population totale","2501","Population","2018","2018","1000 personnes","126191","*","Chiffre non officiel"
"FBS","Bilans Alimentaires (2010-)","138","Mexique","511","Population totale","2501","Population","2019","2019","1000 personnes","127576","*","Chiffre non officiel"
"FBS","Bilans Alimentaires (2010-)","141","Mongolie","511","Population totale","2501","Population","2018","2018","1000 personnes","3170","*","Chiffre non officiel"
"FBS","Bilans Alimentaires (2010-)","141","Mongolie","511","Population totale","2501","Population","2019","2019","1000 personnes","3225","*","Chiffre non officiel"
"FBS","Bilans Alimentaires (2010-)","273","Monténégro","511","Population totale","2501","Population","2018","2018","1000 personnes","628","*","Chiffre non officiel"
"FBS","Bilans Alimentaires (2010-)","273","Monténégro","511","Population totale","2501","Population","2019","2019","1000 personnes","628","*","Chiffre non officiel"
"FBS","Bilans Alimentaires (2010-)","144","Mozambique","511","Population totale","2501","Population","2018","2018","1000 personnes","29496","*","Chiffre non officiel"
"FBS","Bilans Alimentaires (2010-)","144","Mozambique","511","Population totale","2501","Population","2019","2019","1000 personnes","30366","*","Chiffre non officiel"
"FBS","Bilans Alimentaires (2010-)","28","Myanmar","511","Population totale","2501","Population","2018","2018","1000 personnes","53708","*","Chiffre non officiel"
"FBS","Bilans Alimentaires (2010-)","28","Myanmar","511","Population totale","2501","Population","2019","2019","1000 personnes","54045","*","Chiffre non officiel"
"FBS","Bilans Alimentaires (2010-)","147","Namibie","511","Population totale","2501","Population","2018","2018","1000 personnes","2448","*","Chiffre non officiel"
"FBS","Bilans Alimentaires (2010-)","147","Namibie","511","Population totale","2501","Population","2019","2019","1000 personnes","2495","*","Chiffre non officiel"
"FBS","Bilans Alimentaires (2010-)","149","Népal","511","Population totale","2501","Population","2018","2018","1000 personnes","28096","*","Chiffre non officiel"
"FBS","Bilans Alimentaires (2010-)","149","Népal","511","Population totale","2501","Population","2019","2019","1000 personnes","28609","*","Chiffre non officiel"
"FBS","Bilans Alimentaires (2010-)","157","Nicaragua","511","Population totale","2501","Population","2018","2018","1000 personnes","6466","*","Chiffre non officiel"
"FBS","Bilans Alimentaires (2010-)","157","Nicaragua","511","Population totale","2501","Population","2019","2019","1000 personnes","6546","*","Chiffre non officiel"
"FBS","Bilans Alimentaires (2010-)","158","Niger","511","Population totale","2501","Population","2018","2018","1000 personnes","22443","*","Chiffre non officiel"
"FBS","Bilans Alimentaires (2010-)","158","Niger","511","Population totale","2501","Population","2019","2019","1000 personnes","23311","*","Chiffre non officiel"
"FBS","Bilans Alimentaires (2010-)","159","Nigéria","511","Population totale","2501","Population","2018","2018","1000 personnes","195875","*","Chiffre non officiel"
"FBS","Bilans Alimentaires (2010-)","159","Nigéria","511","Population totale","2501","Population","2019","2019","1000 personnes","200964","*","Chiffre non officiel"
"FBS","Bilans Alimentaires (2010-)","162","Norvège","511","Population totale","2501","Population","2018","2018","1000 personnes","5338","*","Chiffre non officiel"
"FBS","Bilans Alimentaires (2010-)","162","Norvège","511","Population totale","2501","Population","2019","2019","1000 personnes","5379","*","Chiffre non officiel"
"FBS","Bilans Alimentaires (2010-)","153","Nouvelle-Calédonie","511","Population totale","2501","Population","2018","2018","1000 personnes","280","*","Chiffre non officiel"
"FBS","Bilans Alimentaires (2010-)","153","Nouvelle-Calédonie","511","Population totale","2501","Population","2019","2019","1000 personnes","283","*","Chiffre non officiel"
"FBS","Bilans Alimentaires (2010-)","156","Nouvelle-Zélande","511","Population totale","2501","Population","2018","2018","1000 personnes","4743","*","Chiffre non officiel"
"FBS","Bilans Alimentaires (2010-)","156","Nouvelle-Zélande","511","Population totale","2501","Population","2019","2019","1000 personnes","4783","*","Chiffre non officiel"
"FBS","Bilans Alimentaires (2010-)","221","Oman","511","Population totale","2501","Population","2018","2018","1000 personnes","4829","*","Chiffre non officiel"
"FBS","Bilans Alimentaires (2010-)","221","Oman","511","Population totale","2501","Population","2019","2019","1000 personnes","4975","*","Chiffre non officiel"
"FBS","Bilans Alimentaires (2010-)","226","Ouganda","511","Population totale","2501","Population","2018","2018","1000 personnes","42729","*","Chiffre non officiel"
"FBS","Bilans Alimentaires (2010-)","226","Ouganda","511","Population totale","2501","Population","2019","2019","1000 personnes","44270","*","Chiffre non officiel"
"FBS","Bilans Alimentaires (2010-)","235","Ouzbékistan","511","Population totale","2501","Population","2018","2018","1000 personnes","32476","*","Chiffre non officiel"
"FBS","Bilans Alimentaires (2010-)","235","Ouzbékistan","511","Population totale","2501","Population","2019","2019","1000 personnes","32982","*","Chiffre non officiel"
"FBS","Bilans Alimentaires (2010-)","165","Pakistan","511","Population totale","2501","Population","2018","2018","1000 personnes","212228","*","Chiffre non officiel"
"FBS","Bilans Alimentaires (2010-)","165","Pakistan","511","Population totale","2501","Population","2019","2019","1000 personnes","216565","*","Chiffre non officiel"
"FBS","Bilans Alimentaires (2010-)","166","Panama","511","Population totale","2501","Population","2018","2018","1000 personnes","4177","*","Chiffre non officiel"
"FBS","Bilans Alimentaires (2010-)","166","Panama","511","Population totale","2501","Population","2019","2019","1000 personnes","4246","*","Chiffre non officiel"
"FBS","Bilans Alimentaires (2010-)","168","Papouasie-Nouvelle-Guinée","511","Population totale","2501","Population","2018","2018","1000 personnes","8606","*","Chiffre non officiel"
"FBS","Bilans Alimentaires (2010-)","168","Papouasie-Nouvelle-Guinée","511","Population totale","2501","Population","2019","2019","1000 personnes","8776","*","Chiffre non officiel"
"FBS","Bilans Alimentaires (2010-)","169","Paraguay","511","Population totale","2501","Population","2018","2018","1000 personnes","6956","*","Chiffre non officiel"
"FBS","Bilans Alimentaires (2010-)","169","Paraguay","511","Population totale","2501","Population","2019","2019","1000 personnes","7045","*","Chiffre non officiel"
"FBS","Bilans Alimentaires (2010-)","150","Pays-Bas","511","Population totale","2501","Population","2018","2018","1000 personnes","17060","*","Chiffre non officiel"
"FBS","Bilans Alimentaires (2010-)","150","Pays-Bas","511","Population totale","2501","Population","2019","2019","1000 personnes","17097","*","Chiffre non officiel"
"FBS","Bilans Alimentaires (2010-)","170","Pérou","511","Population totale","2501","Population","2018","2018","1000 personnes","31989","*","Chiffre non officiel"
"FBS","Bilans Alimentaires (2010-)","170","Pérou","511","Population totale","2501","Population","2019","2019","1000 personnes","32510","*","Chiffre non officiel"
"FBS","Bilans Alimentaires (2010-)","171","Philippines","511","Population totale","2501","Population","2018","2018","1000 personnes","106651","*","Chiffre non officiel"
"FBS","Bilans Alimentaires (2010-)","171","Philippines","511","Population totale","2501","Population","2019","2019","1000 personnes","108117","*","Chiffre non officiel"
"FBS","Bilans Alimentaires (2010-)","173","Pologne","511","Population totale","2501","Population","2018","2018","1000 personnes","37922","*","Chiffre non officiel"
"FBS","Bilans Alimentaires (2010-)","173","Pologne","511","Population totale","2501","Population","2019","2019","1000 personnes","37888","*","Chiffre non officiel"
"FBS","Bilans Alimentaires (2010-)","70","Polynésie française","511","Population totale","2501","Population","2018","2018","1000 personnes","278","*","Chiffre non officiel"
"FBS","Bilans Alimentaires (2010-)","70","Polynésie française","511","Population totale","2501","Population","2019","2019","1000 personnes","279","*","Chiffre non officiel"
"FBS","Bilans Alimentaires (2010-)","174","Portugal","511","Population totale","2501","Population","2018","2018","1000 personnes","10256","*","Chiffre non officiel"
"FBS","Bilans Alimentaires (2010-)","174","Portugal","511","Population totale","2501","Population","2019","2019","1000 personnes","10226","*","Chiffre non officiel"
"FBS","Bilans Alimentaires (2010-)","212","République arabe syrienne","511","Population totale","2501","Population","2018","2018","1000 personnes","16945","*","Chiffre non officiel"
"FBS","Bilans Alimentaires (2010-)","212","République arabe syrienne","511","Population totale","2501","Population","2019","2019","1000 personnes","17070","*","Chiffre non officiel"
"FBS","Bilans Alimentaires (2010-)","37","République centrafricaine","511","Population totale","2501","Population","2018","2018","1000 personnes","4666","*","Chiffre non officiel"
"FBS","Bilans Alimentaires (2010-)","37","République centrafricaine","511","Population totale","2501","Population","2019","2019","1000 personnes","4745","*","Chiffre non officiel"
"FBS","Bilans Alimentaires (2010-)","117","République de Corée","511","Population totale","2501","Population","2018","2018","1000 personnes","51172","*","Chiffre non officiel"
"FBS","Bilans Alimentaires (2010-)","117","République de Corée","511","Population totale","2501","Population","2019","2019","1000 personnes","51225","*","Chiffre non officiel"
"FBS","Bilans Alimentaires (2010-)","146","République de Moldova","511","Population totale","2501","Population","2018","2018","1000 personnes","4052","*","Chiffre non officiel"
"FBS","Bilans Alimentaires (2010-)","146","République de Moldova","511","Population totale","2501","Population","2019","2019","1000 personnes","4043","*","Chiffre non officiel"
"FBS","Bilans Alimentaires (2010-)","250","République démocratique du Congo","511","Population totale","2501","Population","2018","2018","1000 personnes","84068","*","Chiffre non officiel"
"FBS","Bilans Alimentaires (2010-)","250","République démocratique du Congo","511","Population totale","2501","Population","2019","2019","1000 personnes","86791","*","Chiffre non officiel"
"FBS","Bilans Alimentaires (2010-)","120","République démocratique populaire lao","511","Population totale","2501","Population","2018","2018","1000 personnes","7062","*","Chiffre non officiel"
"FBS","Bilans Alimentaires (2010-)","120","République démocratique populaire lao","511","Population totale","2501","Population","2019","2019","1000 personnes","7169","*","Chiffre non officiel"
"FBS","Bilans Alimentaires (2010-)","56","République dominicaine","511","Population totale","2501","Population","2018","2018","1000 personnes","10627","*","Chiffre non officiel"
"FBS","Bilans Alimentaires (2010-)","56","République dominicaine","511","Population totale","2501","Population","2019","2019","1000 personnes","10739","*","Chiffre non officiel"
"FBS","Bilans Alimentaires (2010-)","116","République populaire démocratique de Corée","511","Population totale","2501","Population","2018","2018","1000 personnes","25550","*","Chiffre non officiel"
"FBS","Bilans Alimentaires (2010-)","116","République populaire démocratique de Corée","511","Population totale","2501","Population","2019","2019","1000 personnes","25666","*","Chiffre non officiel"
"FBS","Bilans Alimentaires (2010-)","215","République-Unie de Tanzanie","511","Population totale","2501","Population","2018","2018","1000 personnes","56313","*","Chiffre non officiel"
"FBS","Bilans Alimentaires (2010-)","215","République-Unie de Tanzanie","511","Population totale","2501","Population","2019","2019","1000 personnes","58005","*","Chiffre non officiel"
"FBS","Bilans Alimentaires (2010-)","248","RFS de Yougoslavie","511","Population totale","2501","Population","2018","2018","","","",""
"FBS","Bilans Alimentaires (2010-)","248","RFS de Yougoslavie","511","Population totale","2501","Population","2019","2019","","","",""
"FBS","Bilans Alimentaires (2010-)","183","Roumanie","511","Population totale","2501","Population","2018","2018","1000 personnes","19506","*","Chiffre non officiel"
"FBS","Bilans Alimentaires (2010-)","183","Roumanie","511","Population totale","2501","Population","2019","2019","1000 personnes","19365","*","Chiffre non officiel"
"FBS","Bilans Alimentaires (2010-)","229","Royaume-Uni de Grande-Bretagne et d'Irlande du Nord","511","Population totale","2501","Population","2018","2018","1000 personnes","67142","*","Chiffre non officiel"
"FBS","Bilans Alimentaires (2010-)","229","Royaume-Uni de Grande-Bretagne et d'Irlande du Nord","511","Population totale","2501","Population","2019","2019","1000 personnes","67530","*","Chiffre non officiel"
"FBS","Bilans Alimentaires (2010-)","184","Rwanda","511","Population totale","2501","Population","2018","2018","1000 personnes","12302","*","Chiffre non officiel"
"FBS","Bilans Alimentaires (2010-)","184","Rwanda","511","Population totale","2501","Population","2019","2019","1000 personnes","12627","*","Chiffre non officiel"
"FBS","Bilans Alimentaires (2010-)","189","Sainte-Lucie","511","Population totale","2501","Population","2018","2018","1000 personnes","182","*","Chiffre non officiel"
"FBS","Bilans Alimentaires (2010-)","189","Sainte-Lucie","511","Population totale","2501","Population","2019","2019","1000 personnes","183","*","Chiffre non officiel"
"FBS","Bilans Alimentaires (2010-)","188","Saint-Kitts-et-Nevis","511","Population totale","2501","Population","2018","2018","1000 personnes","52","*","Chiffre non officiel"
"FBS","Bilans Alimentaires (2010-)","188","Saint-Kitts-et-Nevis","511","Population totale","2501","Population","2019","2019","1000 personnes","53","*","Chiffre non officiel"
"FBS","Bilans Alimentaires (2010-)","191","Saint-Vincent-et-les Grenadines","511","Population totale","2501","Population","2018","2018","1000 personnes","110","*","Chiffre non officiel"
"FBS","Bilans Alimentaires (2010-)","191","Saint-Vincent-et-les Grenadines","511","Population totale","2501","Population","2019","2019","1000 personnes","111","*","Chiffre non officiel"
"FBS","Bilans Alimentaires (2010-)","244","Samoa","511","Population totale","2501","Population","2018","2018","1000 personnes","196","*","Chiffre non officiel"
"FBS","Bilans Alimentaires (2010-)","244","Samoa","511","Population totale","2501","Population","2019","2019","1000 personnes","197","*","Chiffre non officiel"
"FBS","Bilans Alimentaires (2010-)","193","Sao Tomé-et-Principe","511","Population totale","2501","Population","2018","2018","1000 personnes","211","*","Chiffre non officiel"
"FBS","Bilans Alimentaires (2010-)","193","Sao Tomé-et-Principe","511","Population totale","2501","Population","2019","2019","1000 personnes","215","*","Chiffre non officiel"
"FBS","Bilans Alimentaires (2010-)","195","Sénégal","511","Population totale","2501","Population","2018","2018","1000 personnes","15854","*","Chiffre non officiel"
"FBS","Bilans Alimentaires (2010-)","195","Sénégal","511","Population totale","2501","Population","2019","2019","1000 personnes","16296","*","Chiffre non officiel"
"FBS","Bilans Alimentaires (2010-)","272","Serbie","511","Population totale","2501","Population","2018","2018","1000 personnes","8803","*","Chiffre non officiel"
"FBS","Bilans Alimentaires (2010-)","272","Serbie","511","Population totale","2501","Population","2019","2019","1000 personnes","8772","*","Chiffre non officiel"
"FBS","Bilans Alimentaires (2010-)","186","Serbie-et-Monténégro","511","Population totale","2501","Population","2018","2018","","","",""
"FBS","Bilans Alimentaires (2010-)","186","Serbie-et-Monténégro","511","Population totale","2501","Population","2019","2019","","","",""
"FBS","Bilans Alimentaires (2010-)","196","Seychelles","511","Population totale","2501","Population","2018","2018","1000 personnes","97","*","Chiffre non officiel"
"FBS","Bilans Alimentaires (2010-)","196","Seychelles","511","Population totale","2501","Population","2019","2019","1000 personnes","98","*","Chiffre non officiel"
"FBS","Bilans Alimentaires (2010-)","197","Sierra Leone","511","Population totale","2501","Population","2018","2018","1000 personnes","7650","*","Chiffre non officiel"
"FBS","Bilans Alimentaires (2010-)","197","Sierra Leone","511","Population totale","2501","Population","2019","2019","1000 personnes","7813","*","Chiffre non officiel"
"FBS","Bilans Alimentaires (2010-)","199","Slovaquie","511","Population totale","2501","Population","2018","2018","1000 personnes","5453","*","Chiffre non officiel"
"FBS","Bilans Alimentaires (2010-)","199","Slovaquie","511","Population totale","2501","Population","2019","2019","1000 personnes","5457","*","Chiffre non officiel"
"FBS","Bilans Alimentaires (2010-)","198","Slovénie","511","Population totale","2501","Population","2018","2018","1000 personnes","2078","*","Chiffre non officiel"
"FBS","Bilans Alimentaires (2010-)","198","Slovénie","511","Population totale","2501","Population","2019","2019","1000 personnes","2079","*","Chiffre non officiel"
"FBS","Bilans Alimentaires (2010-)","276","Soudan","511","Population totale","2501","Population","2018","2018","1000 personnes","41802","*","Chiffre non officiel"
"FBS","Bilans Alimentaires (2010-)","276","Soudan","511","Population totale","2501","Population","2019","2019","1000 personnes","42813","*","Chiffre non officiel"
"FBS","Bilans Alimentaires (2010-)","38","Sri Lanka","511","Population totale","2501","Population","2018","2018","1000 personnes","21229","*","Chiffre non officiel"
"FBS","Bilans Alimentaires (2010-)","38","Sri Lanka","511","Population totale","2501","Population","2019","2019","1000 personnes","21324","*","Chiffre non officiel"
"FBS","Bilans Alimentaires (2010-)","210","Suède","511","Population totale","2501","Population","2018","2018","1000 personnes","9972","*","Chiffre non officiel"
"FBS","Bilans Alimentaires (2010-)","210","Suède","511","Population totale","2501","Population","2019","2019","1000 personnes","10036","*","Chiffre non officiel"
"FBS","Bilans Alimentaires (2010-)","211","Suisse","511","Population totale","2501","Population","2018","2018","1000 personnes","8526","*","Chiffre non officiel"
"FBS","Bilans Alimentaires (2010-)","211","Suisse","511","Population totale","2501","Population","2019","2019","1000 personnes","8591","*","Chiffre non officiel"
"FBS","Bilans Alimentaires (2010-)","207","Suriname","511","Population totale","2501","Population","2018","2018","1000 personnes","576","*","Chiffre non officiel"
"FBS","Bilans Alimentaires (2010-)","207","Suriname","511","Population totale","2501","Population","2019","2019","1000 personnes","581","*","Chiffre non officiel"
"FBS","Bilans Alimentaires (2010-)","208","Tadjikistan","511","Population totale","2501","Population","2018","2018","1000 personnes","9101","*","Chiffre non officiel"
"FBS","Bilans Alimentaires (2010-)","208","Tadjikistan","511","Population totale","2501","Population","2019","2019","1000 personnes","9321","*","Chiffre non officiel"
"FBS","Bilans Alimentaires (2010-)","39","Tchad","511","Population totale","2501","Population","2018","2018","1000 personnes","15478","*","Chiffre non officiel"
"FBS","Bilans Alimentaires (2010-)","39","Tchad","511","Population totale","2501","Population","2019","2019","1000 personnes","15947","*","Chiffre non officiel"
"FBS","Bilans Alimentaires (2010-)","51","Tchécoslovaq","511","Population totale","2501","Population","2018","2018","","","",""
"FBS","Bilans Alimentaires (2010-)","51","Tchécoslovaq","511","Population totale","2501","Population","2019","2019","","","",""
"FBS","Bilans Alimentaires (2010-)","167","Tchéquie","511","Population totale","2501","Population","2018","2018","1000 personnes","10666","*","Chiffre non officiel"
"FBS","Bilans Alimentaires (2010-)","167","Tchéquie","511","Population totale","2501","Population","2019","2019","1000 personnes","10689","*","Chiffre non officiel"
"FBS","Bilans Alimentaires (2010-)","216","Thaïlande","511","Population totale","2501","Population","2018","2018","1000 personnes","69428","*","Chiffre non officiel"
"FBS","Bilans Alimentaires (2010-)","216","Thaïlande","511","Population totale","2501","Population","2019","2019","1000 personnes","69626","*","Chiffre non officiel"
"FBS","Bilans Alimentaires (2010-)","176","Timor-Leste","511","Population totale","2501","Population","2018","2018","1000 personnes","1268","*","Chiffre non officiel"
"FBS","Bilans Alimentaires (2010-)","176","Timor-Leste","511","Population totale","2501","Population","2019","2019","1000 personnes","1293","*","Chiffre non officiel"
"FBS","Bilans Alimentaires (2010-)","217","Togo","511","Population totale","2501","Population","2018","2018","1000 personnes","7889","*","Chiffre non officiel"
"FBS","Bilans Alimentaires (2010-)","217","Togo","511","Population totale","2501","Population","2019","2019","1000 personnes","8082","*","Chiffre non officiel"
"FBS","Bilans Alimentaires (2010-)","220","Trinité-et-Tobago","511","Population totale","2501","Population","2018","2018","1000 personnes","1390","*","Chiffre non officiel"
"FBS","Bilans Alimentaires (2010-)","220","Trinité-et-Tobago","511","Population totale","2501","Population","2019","2019","1000 personnes","1395","*","Chiffre non officiel"
"FBS","Bilans Alimentaires (2010-)","222","Tunisie","511","Population totale","2501","Population","2018","2018","1000 personnes","11565","*","Chiffre non officiel"
"FBS","Bilans Alimentaires (2010-)","222","Tunisie","511","Population totale","2501","Population","2019","2019","1000 personnes","11695","*","Chiffre non officiel"
"FBS","Bilans Alimentaires (2010-)","213","Turkménistan","511","Population totale","2501","Population","2018","2018","1000 personnes","5851","*","Chiffre non officiel"
"FBS","Bilans Alimentaires (2010-)","213","Turkménistan","511","Population totale","2501","Population","2019","2019","1000 personnes","5942","*","Chiffre non officiel"
"FBS","Bilans Alimentaires (2010-)","223","Turquie","511","Population totale","2501","Population","2018","2018","1000 personnes","82340","*","Chiffre non officiel"
"FBS","Bilans Alimentaires (2010-)","223","Turquie","511","Population totale","2501","Population","2019","2019","1000 personnes","83430","*","Chiffre non officiel"
"FBS","Bilans Alimentaires (2010-)","230","Ukraine","511","Population totale","2501","Population","2018","2018","1000 personnes","44246","*","Chiffre non officiel"
"FBS","Bilans Alimentaires (2010-)","230","Ukraine","511","Population totale","2501","Population","2019","2019","1000 personnes","43994","*","Chiffre non officiel"
"FBS","Bilans Alimentaires (2010-)","228","URSS","511","Population totale","2501","Population","2018","2018","","","",""
"FBS","Bilans Alimentaires (2010-)","228","URSS","511","Population totale","2501","Population","2019","2019","","","",""
"FBS","Bilans Alimentaires (2010-)","234","Uruguay","511","Population totale","2501","Population","2018","2018","1000 personnes","3449","*","Chiffre non officiel"
"FBS","Bilans Alimentaires (2010-)","234","Uruguay","511","Population totale","2501","Population","2019","2019","1000 personnes","3462","*","Chiffre non officiel"
"FBS","Bilans Alimentaires (2010-)","155","Vanuatu","511","Population totale","2501","Population","2018","2018","1000 personnes","293","*","Chiffre non officiel"
"FBS","Bilans Alimentaires (2010-)","155","Vanuatu","511","Population totale","2501","Population","2019","2019","1000 personnes","300","*","Chiffre non officiel"
"FBS","Bilans Alimentaires (2010-)","236","Venezuela (République bolivarienne du)","511","Population totale","2501","Population","2018","2018","1000 personnes","28887","*","Chiffre non officiel"
"FBS","Bilans Alimentaires (2010-)","236","Venezuela (République bolivarienne du)","511","Population totale","2501","Population","2019","2019","1000 personnes","28516","*","Chiffre non officiel"
"FBS","Bilans Alimentaires (2010-)","237","Viet Nam","511","Population totale","2501","Population","2018","2018","1000 personnes","95546","*","Chiffre non officiel"
"FBS","Bilans Alimentaires (2010-)","237","Viet Nam","511","Population totale","2501","Population","2019","2019","1000 personnes","96462","*","Chiffre non officiel"
"FBS","Bilans Alimentaires (2010-)","249","Yémen","511","Population totale","2501","Population","2018","2018","1000 personnes","28499","*","Chiffre non officiel"
"FBS","Bilans Alimentaires (2010-)","249","Yémen","511","Population totale","2501","Population","2019","2019","1000 personnes","29162","*","Chiffre non officiel"
"FBS","Bilans Alimentaires (2010-)","251","Zambie","511","Population totale","2501","Population","2018","2018","1000 personnes","17352","*","Chiffre non officiel"
"FBS","Bilans Alimentaires (2010-)","251","Zambie","511","Population totale","2501","Population","2019","2019","1000 personnes","17861","*","Chiffre non officiel"
"FBS","Bilans Alimentaires (2010-)","181","Zimbabwe","511","Population totale","2501","Population","2018","2018","1000 personnes","14439","*","Chiffre non officiel"
"FBS","Bilans Alimentaires (2010-)","181","Zimbabwe","511","Population totale","2501","Population","2019","2019","1000 personnes","14645","*","Chiffre non officiel"
